{"count":1,"self":65.400095999999991,"total":296.6533234,"children":{"InitializeActuators":{"count":4,"self":0.0015042,"total":0.0015042,"children":null},"InitializeSensors":{"count":4,"self":0.0015356,"total":0.0015356,"children":null},"AgentSendState":{"count":146767,"self":0.1626268,"total":0.6178949,"children":{"CollectObservations":{"count":58708,"self":0.056302599999999994,"total":0.056302599999999994,"children":null},"WriteActionMask":{"count":58708,"self":0.0116279,"total":0.0116279,"children":null},"RequestDecision":{"count":58708,"self":0.1056516,"total":0.3873376,"children":{"AgentInfo.ToProto":{"count":58708,"self":0.0874051,"total":0.281686,"children":{"GenerateSensorData":{"count":58708,"self":0.19428089999999998,"total":0.19428089999999998,"children":null}}}}}}},"DecideAction":{"count":146767,"self":229.80300799999998,"total":229.8029972,"children":null},"AgentAct":{"count":146767,"self":0.78637499999999994,"total":0.8292938,"children":{"AgentInfo.ToProto":{"count":3944,"self":0.0161755,"total":0.0429188,"children":{"GenerateSensorData":{"count":3944,"self":0.026743299999999998,"total":0.026743299999999998,"children":null}}}}}},"gauges":{"bolita.CumulativeReward":{"count":3944,"max":1.19,"min":-6.930018,"runningAverage":-0.361146271,"value":0.5100004,"weightedAverage":0.490764678}},"metadata":{"timer_format_version":"0.1.0","start_time_seconds":"1715809541","unity_version":"2022.3.20f1","command_line_arguments":"C:\\Program Files\\Unity\\Hub\\Editor\\2022.3.20f1\\Editor\\Unity.exe -projectpath C:\\Users\\ALUMNO\\Entrenamiento -useHub -hubIPC -cloudEnvironment production","communication_protocol_version":"1.5.0","com.unity.ml-agents_version":"3.0.0-exp.1","scene_name":"SampleScene","end_time_seconds":"1715809837"}}